{"cameraMode":{"drawMode":0,"name":"Shaded","section":"Shading Mode"},"sceneLighting":true,"audioPlay":false,"sceneViewState":{"m_AlwaysRefresh":false,"showFog":true,"showSkybox":true,"showFlares":true,"showImageEffects":true,"showParticleSystems":true,"showVisualEffectGraphs":true,"m_FxEnabled":true},"in2DMode":false,"pivot":{"x":-7.315330505371094,"y":3.7432050704956056,"z":89.17271423339844},"rotation":{"x":-0.16655705869197846,"y":0.16684357821941377,"z":-0.028607383370399476,"w":-0.9713996052742004},"size":24.700468063354493,"orthographic":false}