{"cameraMode":{"drawMode":0,"name":"Shaded","section":"Shading Mode"},"sceneLighting":false,"audioPlay":false,"sceneViewState":{"m_AlwaysRefresh":false,"showFog":true,"showSkybox":false,"showFlares":true,"showImageEffects":true,"showParticleSystems":true,"showVisualEffectGraphs":true,"m_FxEnabled":true},"in2DMode":false,"pivot":{"x":0.1960764080286026,"y":0.5692501068115234,"z":33.284934997558597},"rotation":{"x":-0.2771947979927063,"y":0.2669818699359894,"z":-0.08048850297927857,"w":-0.9194608330726624},"size":0.8660253882408142,"orthographic":false}